<?xml version="1.0" encoding="UTF-8" ?>
<!DOCTYPE mapper
        PUBLIC "-//mybatis.org//DTD Mapper 3.0//EN"
        "https://mybatis.org/dtd/mybatis-3-mapper.dtd">

<mapper namespace="com.boot.sailing_jsp.v2.dao.OrderDaoV2">
    <!-- 메뉴 조회 -->
    <select id="doList" resultType="com.boot.sailing_jsp.v2.vo.Order_list">
        SELECT no, coffee_no, coffee, price, cust_id, name,
              to_char(reg_day,'yyyy.mm.dd') AS reg_day
        FROM order_list
    </select>

    <!--
        <![CDATA[   ]]>   : xml 파싱에 관여하지 않도록 처리
        <  	&lt;
        >	&gt;
    -->
    <!-- 검색에 의한 쿼리 -->
    <select id="doSerch" resultType="com.boot.sailing_jsp.v2.vo.Order_list">
        SELECT no, coffee_no, coffee, price, cust_id, name,
              to_char(reg_day,'yyyy.mm.dd') AS reg_day
        FROM order_list
        WHERE 1=1
        AND reg_day >= to_date( #{strStartDate},'yyyy-mm-dd')
        AND reg_day &lt;  to_date( #{strEndDate},'yyyy-mm-dd') +1
        <if test="strCoffee != 'ALL'">
            AND coffee like #{strCoffee} ||'%'
        </if>
        <if test="strName != 'ALL'">
            AND name like  '%' || #{strName} ||'%'
        </if>
    </select>

</mapper>