<?xml version="1.0" encoding="UTF-8" ?>
<!DOCTYPE mapper
        PUBLIC "-//mybatis.org//DTD Mapper 3.0//EN"
        "https://mybatis.org/dtd/mybatis-3-mapper.dtd">

<mapper namespace="com.boot.sailing.v2.dao.MenuDaoV2">
    <!-- 메뉴 조회 -->
    <select id="doList" resultType="com.boot.sailing.v2.vo.Coffee_menu">
        SELECT no, coffee, kind, price,
        DATE_FORMAT(reg_day,'%Y.%m.%d') AS reg_day,
        DATE_FORMAT(mod_day,'%Y.%m.%d') AS mod_day
        FROM coffee_menu
    </select>

    <!--
        <![CDATA[   ]]>   : xml 파싱에 관여하지 않도록 처리
        <  	&lt;
        >	&gt;
    -->
    <!-- 검색에 의한 쿼리 -->
    <select id="doSerch" resultType="com.boot.sailing.v2.vo.Coffee_menu">
        SELECT no, coffee, kind, price,
            DATE_FORMAT(reg_day,'%Y.%m.%d') AS reg_day,
            DATE_FORMAT(mod_day,'%Y.%m.%d') AS mod_day
        FROM coffee_menu
        WHERE 1=1
        AND reg_day >= DATE_FORMAT( #{strStartDate},'%Y%m%d')
        AND reg_day &lt; DATE_ADD(DATE_FORMAT(#{strEndDate},'%Y%m%d'), INTERVAL +1 DAY)
        <if test="strCoffee != 'ALL'">
            AND coffee like CONCAT(#{strCoffee},'%')
        </if>
        <if test="strKind != 'ALL'">
            AND kind = #{strKind}
        </if>
    </select>

    <!-- 메뉴 조회 - One row -->
    <select id="doListOne" resultType="map">
        SELECT no, coffee, kind, price,
        DATE_FORMAT(reg_day,'%Y.%m.%d') AS reg_day,
        DATE_FORMAT(mod_day,'%Y.%m.%d') AS mod_day
        FROM coffee_menu
        Where no = CAST(#{strNo} as INTEGER)
    </select>

    <insert id="doInsert">
        INSERT INTO coffee_menu (coffee, kind, price)
        VALUES(#{coffee},#{kind},CAST(#{price} as INTEGER))
    </insert>

    <update id="doUpdate">
        Update coffee_menu
        Set
            coffee = #{coffee},
            kind = #{kind},
            price = CAST(#{price} as INTEGER)
        Where no = CAST(#{no} as INTEGER)
    </update>

    <!-- 삭제처리 -->
    <delete id="doDelete">
        Delete from coffee_menu
        Where no = CAST(#{strNo} as INTEGER)
    </delete>

    <!-- 메뉴 가격 수정  -->
    <update id="doUpdatePrice">
        Update coffee_menu set
        price = CAST(#{strPrice} as INTEGER)
        Where no = CAST(#{strNo} as INTEGER)
    </update>

    <!-- 가격 로그입력 -->
    <insert id="doInsertLog">
        INSERT INTO coffee_menu_log (coffee_no, price)
        VALUES ( #{strNo}, CAST(#{strPrice} as INTEGER) )
    </insert>

    <!-- 메뉴 가격 수정 원쿼리  -->
    <update id="doUpdatePriceOne">
        Update coffee_menu set
        price9 = CAST(#{strPrice} as INTEGER)
        <where>
            <foreach item="item" index="index" collection="chkList" open="no in (" separator="," close=")" nullable="true">
                #{item}
            </foreach>
        </where>
    </update>

    <!-- 가격 로그입력 원쿼리 -->
    <insert id="doInsertLogOne">
        INSERT INTO coffee_menu_log (coffee_no, price)
        <foreach item="item" index="index" collection="chkList"  separator=" UNION ALL "  nullable="true">
            SELECT #{item},  CAST(#{strPrice} as INTEGER) FROM DUAL
        </foreach>
    </insert>

</mapper>